--
-- PostgreSQL database dump
--

-- Dumped from database version 12.17 (Ubuntu 12.17-1.pgdg22.04+1)
-- Dumped by pg_dump version 12.17 (Ubuntu 12.17-1.pgdg22.04+1)

SET statement_timeout = 0;
SET lock_timeout = 0;
SET idle_in_transaction_session_timeout = 0;
SET client_encoding = 'UTF8';
SET standard_conforming_strings = on;
SELECT pg_catalog.set_config('search_path', '', false);
SET check_function_bodies = false;
SET xmloption = content;
SET client_min_messages = warning;
SET row_security = off;

DROP DATABASE universe;
--
-- Name: universe; Type: DATABASE; Schema: -; Owner: freecodecamp
--

CREATE DATABASE universe WITH TEMPLATE = template0 ENCODING = 'UTF8' LC_COLLATE = 'C.UTF-8' LC_CTYPE = 'C.UTF-8';


ALTER DATABASE universe OWNER TO freecodecamp;

\connect universe

SET statement_timeout = 0;
SET lock_timeout = 0;
SET idle_in_transaction_session_timeout = 0;
SET client_encoding = 'UTF8';
SET standard_conforming_strings = on;
SELECT pg_catalog.set_config('search_path', '', false);
SET check_function_bodies = false;
SET xmloption = content;
SET client_min_messages = warning;
SET row_security = off;

SET default_tablespace = '';

SET default_table_access_method = heap;

--
-- Name: asteroid_belt; Type: TABLE; Schema: public; Owner: freecodecamp
--

CREATE TABLE public.asteroid_belt (
    asteroid_belt_id integer NOT NULL,
    name character varying(100) NOT NULL,
    distance_from_star numeric NOT NULL,
    num_asteroids integer NOT NULL,
    is_circular boolean NOT NULL
);


ALTER TABLE public.asteroid_belt OWNER TO freecodecamp;

--
-- Name: asteroid_belt_asteroid_belt_id_seq; Type: SEQUENCE; Schema: public; Owner: freecodecamp
--

CREATE SEQUENCE public.asteroid_belt_asteroid_belt_id_seq
    AS integer
    START WITH 1
    INCREMENT BY 1
    NO MINVALUE
    NO MAXVALUE
    CACHE 1;


ALTER TABLE public.asteroid_belt_asteroid_belt_id_seq OWNER TO freecodecamp;

--
-- Name: asteroid_belt_asteroid_belt_id_seq; Type: SEQUENCE OWNED BY; Schema: public; Owner: freecodecamp
--

ALTER SEQUENCE public.asteroid_belt_asteroid_belt_id_seq OWNED BY public.asteroid_belt.asteroid_belt_id;


--
-- Name: galaxy; Type: TABLE; Schema: public; Owner: freecodecamp
--

CREATE TABLE public.galaxy (
    galaxy_id integer NOT NULL,
    name character varying(100) NOT NULL,
    galaxy_type character varying(50) NOT NULL,
    distance_from_earth numeric NOT NULL,
    is_active boolean NOT NULL,
    description text
);


ALTER TABLE public.galaxy OWNER TO freecodecamp;

--
-- Name: galaxy_galaxy_id_seq; Type: SEQUENCE; Schema: public; Owner: freecodecamp
--

CREATE SEQUENCE public.galaxy_galaxy_id_seq
    AS integer
    START WITH 1
    INCREMENT BY 1
    NO MINVALUE
    NO MAXVALUE
    CACHE 1;


ALTER TABLE public.galaxy_galaxy_id_seq OWNER TO freecodecamp;

--
-- Name: galaxy_galaxy_id_seq; Type: SEQUENCE OWNED BY; Schema: public; Owner: freecodecamp
--

ALTER SEQUENCE public.galaxy_galaxy_id_seq OWNED BY public.galaxy.galaxy_id;


--
-- Name: moon; Type: TABLE; Schema: public; Owner: freecodecamp
--

CREATE TABLE public.moon (
    moon_id integer NOT NULL,
    name character varying(100) NOT NULL,
    planet_id integer,
    is_spherical boolean NOT NULL,
    age_in_millions_of_years numeric NOT NULL
);


ALTER TABLE public.moon OWNER TO freecodecamp;

--
-- Name: moon_moon_id_seq; Type: SEQUENCE; Schema: public; Owner: freecodecamp
--

CREATE SEQUENCE public.moon_moon_id_seq
    AS integer
    START WITH 1
    INCREMENT BY 1
    NO MINVALUE
    NO MAXVALUE
    CACHE 1;


ALTER TABLE public.moon_moon_id_seq OWNER TO freecodecamp;

--
-- Name: moon_moon_id_seq; Type: SEQUENCE OWNED BY; Schema: public; Owner: freecodecamp
--

ALTER SEQUENCE public.moon_moon_id_seq OWNED BY public.moon.moon_id;


--
-- Name: planet; Type: TABLE; Schema: public; Owner: freecodecamp
--

CREATE TABLE public.planet (
    planet_id integer NOT NULL,
    name character varying(100) NOT NULL,
    star_id integer,
    has_life boolean NOT NULL,
    radius integer NOT NULL
);


ALTER TABLE public.planet OWNER TO freecodecamp;

--
-- Name: planet_planet_id_seq; Type: SEQUENCE; Schema: public; Owner: freecodecamp
--

CREATE SEQUENCE public.planet_planet_id_seq
    AS integer
    START WITH 1
    INCREMENT BY 1
    NO MINVALUE
    NO MAXVALUE
    CACHE 1;


ALTER TABLE public.planet_planet_id_seq OWNER TO freecodecamp;

--
-- Name: planet_planet_id_seq; Type: SEQUENCE OWNED BY; Schema: public; Owner: freecodecamp
--

ALTER SEQUENCE public.planet_planet_id_seq OWNED BY public.planet.planet_id;


--
-- Name: star; Type: TABLE; Schema: public; Owner: freecodecamp
--

CREATE TABLE public.star (
    star_id integer NOT NULL,
    name character varying(100) NOT NULL,
    galaxy_id integer,
    mass numeric NOT NULL,
    is_main_sequence boolean NOT NULL
);


ALTER TABLE public.star OWNER TO freecodecamp;

--
-- Name: star_star_id_seq; Type: SEQUENCE; Schema: public; Owner: freecodecamp
--

CREATE SEQUENCE public.star_star_id_seq
    AS integer
    START WITH 1
    INCREMENT BY 1
    NO MINVALUE
    NO MAXVALUE
    CACHE 1;


ALTER TABLE public.star_star_id_seq OWNER TO freecodecamp;

--
-- Name: star_star_id_seq; Type: SEQUENCE OWNED BY; Schema: public; Owner: freecodecamp
--

ALTER SEQUENCE public.star_star_id_seq OWNED BY public.star.star_id;


--
-- Name: asteroid_belt asteroid_belt_id; Type: DEFAULT; Schema: public; Owner: freecodecamp
--

ALTER TABLE ONLY public.asteroid_belt ALTER COLUMN asteroid_belt_id SET DEFAULT nextval('public.asteroid_belt_asteroid_belt_id_seq'::regclass);


--
-- Name: galaxy galaxy_id; Type: DEFAULT; Schema: public; Owner: freecodecamp
--

ALTER TABLE ONLY public.galaxy ALTER COLUMN galaxy_id SET DEFAULT nextval('public.galaxy_galaxy_id_seq'::regclass);


--
-- Name: moon moon_id; Type: DEFAULT; Schema: public; Owner: freecodecamp
--

ALTER TABLE ONLY public.moon ALTER COLUMN moon_id SET DEFAULT nextval('public.moon_moon_id_seq'::regclass);


--
-- Name: planet planet_id; Type: DEFAULT; Schema: public; Owner: freecodecamp
--

ALTER TABLE ONLY public.planet ALTER COLUMN planet_id SET DEFAULT nextval('public.planet_planet_id_seq'::regclass);


--
-- Name: star star_id; Type: DEFAULT; Schema: public; Owner: freecodecamp
--

ALTER TABLE ONLY public.star ALTER COLUMN star_id SET DEFAULT nextval('public.star_star_id_seq'::regclass);


--
-- Data for Name: asteroid_belt; Type: TABLE DATA; Schema: public; Owner: freecodecamp
--

INSERT INTO public.asteroid_belt VALUES (1, 'Main Belt', 2.2, 1000000, true);
INSERT INTO public.asteroid_belt VALUES (2, 'Kuiper Belt', 30, 100000, true);
INSERT INTO public.asteroid_belt VALUES (3, 'Oort Cloud', 50000, 1000, true);


--
-- Data for Name: galaxy; Type: TABLE DATA; Schema: public; Owner: freecodecamp
--

INSERT INTO public.galaxy VALUES (1, 'Milky Way', 'Spiral', 0, true, 'Home galaxy');
INSERT INTO public.galaxy VALUES (2, 'Andromeda', 'Spiral', 2537000, true, 'Nearest spiral galaxy');
INSERT INTO public.galaxy VALUES (4, 'Sombrero', 'Lenticular', 29000000, false, 'Bright lenticular galaxy');
INSERT INTO public.galaxy VALUES (5, 'Whirlpool', 'Spiral', 23000000, true, 'Bright lenticular galaxy');
INSERT INTO public.galaxy VALUES (3, 'Triangulum', 'Spiral', 3000000, true, 'Small spiral galaxy');
INSERT INTO public.galaxy VALUES (6, 'Messier 87', 'Elliptical', 53000000, false, 'Giant elliptical galaxy');


--
-- Data for Name: moon; Type: TABLE DATA; Schema: public; Owner: freecodecamp
--

INSERT INTO public.moon VALUES (21, 'Moon', 1, true, 4500);
INSERT INTO public.moon VALUES (22, 'Phobos', 2, true, 4600);
INSERT INTO public.moon VALUES (23, 'Deimos', 2, true, 4600);
INSERT INTO public.moon VALUES (24, 'Europa', 3, true, 4500);
INSERT INTO public.moon VALUES (25, 'Ganymede', 3, true, 4500);
INSERT INTO public.moon VALUES (26, 'Callisto', 3, true, 4500);
INSERT INTO public.moon VALUES (27, 'Io', 3, true, 4500);
INSERT INTO public.moon VALUES (28, 'Titan', 4, true, 4500);
INSERT INTO public.moon VALUES (29, 'Enceladus', 4, true, 4500);
INSERT INTO public.moon VALUES (30, 'Triton', 5, true, 4500);
INSERT INTO public.moon VALUES (31, 'Nereid', 5, false, 4000);
INSERT INTO public.moon VALUES (32, 'Charon', 6, true, 4000);
INSERT INTO public.moon VALUES (33, 'Styx', 6, false, 4000);
INSERT INTO public.moon VALUES (34, 'Nix', 6, false, 4000);
INSERT INTO public.moon VALUES (35, 'Kerberos', 6, false, 4000);
INSERT INTO public.moon VALUES (36, 'Hydra', 6, false, 4000);
INSERT INTO public.moon VALUES (37, 'Oberon', 7, true, 4000);
INSERT INTO public.moon VALUES (38, 'Titania', 7, true, 4000);
INSERT INTO public.moon VALUES (39, 'Umbriel', 7, true, 4000);
INSERT INTO public.moon VALUES (40, 'Ariel', 7, true, 4000);


--
-- Data for Name: planet; Type: TABLE DATA; Schema: public; Owner: freecodecamp
--

INSERT INTO public.planet VALUES (1, 'Earth', 1, true, 6371);
INSERT INTO public.planet VALUES (2, 'Mars', 1, false, 3390);
INSERT INTO public.planet VALUES (3, 'Jupiter', 1, false, 69911);
INSERT INTO public.planet VALUES (4, 'Alpha Centauri Bb', 2, false, 6371);
INSERT INTO public.planet VALUES (5, 'Kepler-22b', 4, false, 24600);
INSERT INTO public.planet VALUES (6, 'HD 209458b', 4, false, 12681);
INSERT INTO public.planet VALUES (7, '55 Cancri e', 5, false, 11228);
INSERT INTO public.planet VALUES (8, 'WASP-12b', 5, false, 90800);
INSERT INTO public.planet VALUES (9, 'Tau Ceti f', 6, false, 6122);
INSERT INTO public.planet VALUES (10, 'Kepler-442b', 6, false, 5790);
INSERT INTO public.planet VALUES (11, 'Trappist-1e', 6, false, 5819);
INSERT INTO public.planet VALUES (12, 'Gliese 581g', 6, true, 7800);


--
-- Data for Name: star; Type: TABLE DATA; Schema: public; Owner: freecodecamp
--

INSERT INTO public.star VALUES (1, 'Sun', 1, 1.0, true);
INSERT INTO public.star VALUES (2, 'Proxima Centauri', 1, 0.122, true);
INSERT INTO public.star VALUES (3, 'Betelgeuse', 1, 11.6, false);
INSERT INTO public.star VALUES (4, 'Sirius', 2, 2.02, true);
INSERT INTO public.star VALUES (5, 'Vega', 3, 2.1, true);
INSERT INTO public.star VALUES (6, 'Rigel', 3, 21.0, false);


--
-- Name: asteroid_belt_asteroid_belt_id_seq; Type: SEQUENCE SET; Schema: public; Owner: freecodecamp
--

SELECT pg_catalog.setval('public.asteroid_belt_asteroid_belt_id_seq', 3, true);


--
-- Name: galaxy_galaxy_id_seq; Type: SEQUENCE SET; Schema: public; Owner: freecodecamp
--

SELECT pg_catalog.setval('public.galaxy_galaxy_id_seq', 6, true);


--
-- Name: moon_moon_id_seq; Type: SEQUENCE SET; Schema: public; Owner: freecodecamp
--

SELECT pg_catalog.setval('public.moon_moon_id_seq', 40, true);


--
-- Name: planet_planet_id_seq; Type: SEQUENCE SET; Schema: public; Owner: freecodecamp
--

SELECT pg_catalog.setval('public.planet_planet_id_seq', 12, true);


--
-- Name: star_star_id_seq; Type: SEQUENCE SET; Schema: public; Owner: freecodecamp
--

SELECT pg_catalog.setval('public.star_star_id_seq', 6, true);


--
-- Name: asteroid_belt asteroid_belt_name_key; Type: CONSTRAINT; Schema: public; Owner: freecodecamp
--

ALTER TABLE ONLY public.asteroid_belt
    ADD CONSTRAINT asteroid_belt_name_key UNIQUE (name);


--
-- Name: asteroid_belt asteroid_belt_pkey; Type: CONSTRAINT; Schema: public; Owner: freecodecamp
--

ALTER TABLE ONLY public.asteroid_belt
    ADD CONSTRAINT asteroid_belt_pkey PRIMARY KEY (asteroid_belt_id);


--
-- Name: galaxy galaxy_name_key; Type: CONSTRAINT; Schema: public; Owner: freecodecamp
--

ALTER TABLE ONLY public.galaxy
    ADD CONSTRAINT galaxy_name_key UNIQUE (name);


--
-- Name: galaxy galaxy_pkey; Type: CONSTRAINT; Schema: public; Owner: freecodecamp
--

ALTER TABLE ONLY public.galaxy
    ADD CONSTRAINT galaxy_pkey PRIMARY KEY (galaxy_id);


--
-- Name: moon moon_name_key; Type: CONSTRAINT; Schema: public; Owner: freecodecamp
--

ALTER TABLE ONLY public.moon
    ADD CONSTRAINT moon_name_key UNIQUE (name);


--
-- Name: moon moon_pkey; Type: CONSTRAINT; Schema: public; Owner: freecodecamp
--

ALTER TABLE ONLY public.moon
    ADD CONSTRAINT moon_pkey PRIMARY KEY (moon_id);


--
-- Name: planet planet_name_key; Type: CONSTRAINT; Schema: public; Owner: freecodecamp
--

ALTER TABLE ONLY public.planet
    ADD CONSTRAINT planet_name_key UNIQUE (name);


--
-- Name: planet planet_pkey; Type: CONSTRAINT; Schema: public; Owner: freecodecamp
--

ALTER TABLE ONLY public.planet
    ADD CONSTRAINT planet_pkey PRIMARY KEY (planet_id);


--
-- Name: star star_name_key; Type: CONSTRAINT; Schema: public; Owner: freecodecamp
--

ALTER TABLE ONLY public.star
    ADD CONSTRAINT star_name_key UNIQUE (name);


--
-- Name: star star_pkey; Type: CONSTRAINT; Schema: public; Owner: freecodecamp
--

ALTER TABLE ONLY public.star
    ADD CONSTRAINT star_pkey PRIMARY KEY (star_id);


--
-- Name: moon moon_planet_id_fkey; Type: FK CONSTRAINT; Schema: public; Owner: freecodecamp
--

ALTER TABLE ONLY public.moon
    ADD CONSTRAINT moon_planet_id_fkey FOREIGN KEY (planet_id) REFERENCES public.planet(planet_id);


--
-- Name: planet planet_star_id_fkey; Type: FK CONSTRAINT; Schema: public; Owner: freecodecamp
--

ALTER TABLE ONLY public.planet
    ADD CONSTRAINT planet_star_id_fkey FOREIGN KEY (star_id) REFERENCES public.star(star_id);


--
-- Name: star star_galaxy_id_fkey; Type: FK CONSTRAINT; Schema: public; Owner: freecodecamp
--

ALTER TABLE ONLY public.star
    ADD CONSTRAINT star_galaxy_id_fkey FOREIGN KEY (galaxy_id) REFERENCES public.galaxy(galaxy_id);


--
-- PostgreSQL database dump complete
--

